[{"model": "manager.books", "pk": "chto-novenkoe", "fields": {"title": "что то новенькое обновили", "text": "Книжка созданная в админке, с крутым слагом и прочее", "published": "2020-12-14T20:21:28.301Z", "shop": 1, "genre": 2, "rate": "3.00", "count_rate_users": 1, "rate_all_stars": 3, "author": [5]}}, {"model": "manager.books", "pk": "kogda-moia-strana-stanet-velikoi", "fields": {"title": "Когда моя страна станет великой", "text": "It is a long established fact that a reader will be distracted by the readable content of a page when looking at its layout. The point of using Lorem Ipsum is that it has a more-or-less normal distribution of letters, as opposed to using 'Content here, content here', making it look like readable English. Many desktop publishing packages and web page editors now use Lorem Ipsum as their default model text, and a search for 'lorem ipsum' will uncover many web sites still in their infancy. Various versions have evolved over the years, sometimes by accident, sometimes on purpose (injected humour and the like).", "published": "2020-12-14T14:28:29.792Z", "shop": 3, "genre": 1, "rate": "4.50", "count_rate_users": 2, "rate_all_stars": 9, "author": [3]}}, {"model": "manager.books", "pk": "novost-admina", "fields": {"title": "НОвость админа", "text": "Интересненько, поменяли и пошли ужинать", "published": "2020-12-24T18:16:15.420Z", "shop": 1, "genre": 1, "rate": "4.00", "count_rate_users": 1, "rate_all_stars": 4, "author": [4]}}, {"model": "manager.books", "pk": "novost-iz-formy", "fields": {"title": "новость из формы", "text": "Ну сейчас должно работать", "published": "2020-12-23T14:09:36.150Z", "shop": 1, "genre": 2, "rate": "3.00", "count_rate_users": 1, "rate_all_stars": 3, "author": [5]}}, {"model": "manager.books", "pk": "novost-ot-testovogo-admina", "fields": {"title": "НОвость от тестового админа", "text": "Что то какая то депрессия в Беларуси нынче", "published": "2020-12-26T10:38:21.900Z", "shop": 1, "genre": 3, "rate": "4.00", "count_rate_users": 1, "rate_all_stars": 4, "author": [6]}}, {"model": "manager.books", "pk": "proverka", "fields": {"title": "Проверка", "text": "Проверка", "published": "2020-12-27T13:14:58.387Z", "shop": 1, "genre": 1, "rate": "0.00", "count_rate_users": 0, "rate_all_stars": 0, "author": [6]}}, {"model": "manager.books", "pk": "stachka", "fields": {"title": "Стачка", "text": "It is a long established fact that a reader will be distracted by the readable content of a page when looking at its layout. The point of using Lorem Ipsum is that it has a more-or-less normal distribution of letters, as opposed to using 'Content here, content here', making it look like readable English. Many desktop publishing packages and web page editors now use Lorem Ipsum as their default model text, and a search for 'lorem ipsum' will uncover many web sites still in their infancy. Various versions have evolved over the years, sometimes by accident, sometimes on purpose (injected humour and the like).", "published": "2020-12-14T14:27:45.846Z", "shop": 1, "genre": 3, "rate": "3.50", "count_rate_users": 2, "rate_all_stars": 7, "author": [2]}}, {"model": "manager.books", "pk": "stachka-2", "fields": {"title": "Стачка", "text": "Вторая новость про стачку", "published": "2020-12-15T11:02:59.683Z", "shop": 2, "genre": 4, "rate": "5.00", "count_rate_users": 1, "rate_all_stars": 5, "author": [1]}}, {"model": "manager.books", "pk": "v-mire-zhivotnykh", "fields": {"title": "В мире животных", "text": "It is a long established fact that a reader will be distracted by the readable content of a page when looking at its layout. The point of using Lorem Ipsum is that it has a more-or-less normal distribution of letters, as opposed to using 'Content here, content here', making it look like readable English. Many desktop publishing packages and web page editors now use Lorem Ipsum as their default model text, and a search for 'lorem ipsum' will uncover many web sites still in their infancy. Various versions have evolved over the years, sometimes by accident, sometimes on purpose (injected humour and the like).", "published": "2020-12-14T14:28:04.077Z", "shop": 3, "genre": 3, "rate": "4.00", "count_rate_users": 1, "rate_all_stars": 4, "author": [3]}}, {"model": "manager.books", "pk": "zhyve-belarus", "fields": {"title": "Жыве Беларусь", "text": "It is a long established fact that a reader will be distracted by the readable content of a page when looking at its layout. The point of using Lorem Ipsum is that it has a more-or-less normal distribution of letters, as opposed to using 'Content here, content here', making it look like readable English. Many desktop publishing packages and web page editors now use Lorem Ipsum as their default model text, and a search for 'lorem ipsum' will uncover many web sites still in their infancy. Various versions have evolved over the years, sometimes by accident, sometimes on purpose (injected humour and the like).", "published": "2020-12-14T14:27:22.634Z", "shop": 1, "genre": 3, "rate": "4.00", "count_rate_users": 2, "rate_all_stars": 8, "author": [5]}}, {"model": "manager.bookrating", "pk": 2, "fields": {"user": 5, "rate": 2, "book": "zhyve-belarus"}}, {"model": "manager.bookrating", "pk": 4, "fields": {"user": 4, "rate": 5, "book": "zhyve-belarus"}}, {"model": "manager.bookrating", "pk": 5, "fields": {"user": 4, "rate": 2, "book": "stachka"}}, {"model": "manager.bookrating", "pk": 6, "fields": {"user": 4, "rate": 4, "book": "v-mire-zhivotnykh"}}, {"model": "manager.bookrating", "pk": 9, "fields": {"user": 4, "rate": 4, "book": "kogda-moia-strana-stanet-velikoi"}}, {"model": "manager.bookrating", "pk": 10, "fields": {"user": 5, "rate": 5, "book": "kogda-moia-strana-stanet-velikoi"}}, {"model": "manager.bookrating", "pk": 11, "fields": {"user": 5, "rate": 5, "book": "stachka"}}, {"model": "manager.bookrating", "pk": 12, "fields": {"user": 5, "rate": 2, "book": "chto-novenkoe"}}, {"model": "manager.bookrating", "pk": 13, "fields": {"user": 5, "rate": 5, "book": "stachka-2"}}, {"model": "manager.bookrating", "pk": 14, "fields": {"user": 5, "rate": 3, "book": "novost-iz-formy"}}, {"model": "manager.bookrating", "pk": 15, "fields": {"user": 4, "rate": 4, "book": "novost-admina"}}, {"model": "manager.bookrating", "pk": 16, "fields": {"user": 6, "rate": 4, "book": "novost-ot-testovogo-admina"}}, {"model": "manager.pub_office", "pk": 1, "fields": {"publisher": "Мир Книги"}}, {"model": "manager.pub_office", "pk": 2, "fields": {"publisher": "Академ-Книга"}}, {"model": "manager.pub_office", "pk": 3, "fields": {"publisher": "Bogdan-Corp"}}, {"model": "manager.genre", "pk": 1, "fields": {"genre": "Фантастика"}}, {"model": "manager.genre", "pk": 2, "fields": {"genre": "Романтика"}}, {"model": "manager.genre", "pk": 3, "fields": {"genre": "Ужасы"}}, {"model": "manager.genre", "pk": 4, "fields": {"genre": "Научная"}}, {"model": "manager.comment", "pk": 9, "fields": {"book": "zhyve-belarus", "text": "It is a long established fact that a reader will be distracted by the readable content of a page when looking at its layout. The point of using Lorem Ipsum is that it has a more-or-less normal distribution of letters, as opposed to using 'Content here, content here', making it look like readable English.", "comment_date": "2020-12-14T14:29:02.465Z", "likes_count": 1}}, {"model": "manager.comment", "pk": 10, "fields": {"book": "stachka", "text": "It is a long established fact that a reader will be distracted by the readable content of a page when looking at its layout. The point of using Lorem Ipsum is that it has a more-or-less normal distribution of letters, as opposed to using 'Content here, content here', making it look like readable English.", "comment_date": "2020-12-14T14:29:13.727Z", "likes_count": 1}}, {"model": "manager.comment", "pk": 11, "fields": {"book": "stachka", "text": "It is a long established fact that a reader will be distracted by the readable content of a page when looking at its layout. The point of using Lorem Ipsum is that it has a more-or-less normal distribution of letters, as opposed to using 'Content here, content here', making it look like readable English.", "comment_date": "2020-12-14T14:29:26.719Z", "likes_count": 1}}, {"model": "manager.comment", "pk": 12, "fields": {"book": "v-mire-zhivotnykh", "text": "It is a long established fact that a reader will be distracted by the readable content of a page when looking at its layout. The point of using Lorem Ipsum is that it has a more-or-less normal distribution of letters, as opposed to using 'Content here, content here', making it look like readable English.", "comment_date": "2020-12-14T14:30:35.062Z", "likes_count": 0}}, {"model": "manager.comment", "pk": 13, "fields": {"book": "zhyve-belarus", "text": "Посчитаем комментики", "comment_date": "2020-12-14T17:49:55.783Z", "likes_count": 1}}, {"model": "manager.comment", "pk": 14, "fields": {"book": "kogda-moia-strana-stanet-velikoi", "text": "первый", "comment_date": "2020-12-14T17:52:33.596Z", "likes_count": 1}}, {"model": "manager.comment", "pk": 15, "fields": {"book": "zhyve-belarus", "text": "ПОБЕДА!", "comment_date": "2020-12-17T14:19:31.320Z", "likes_count": 0}}, {"model": "manager.comment", "pk": 16, "fields": {"book": "zhyve-belarus", "text": "хм", "comment_date": "2020-12-17T14:33:42.961Z", "likes_count": 0}}, {"model": "manager.comment", "pk": 17, "fields": {"book": "zhyve-belarus", "text": "тест SQL запросов", "comment_date": "2020-12-17T14:39:06.089Z", "likes_count": 0}}, {"model": "manager.comment", "pk": 18, "fields": {"book": "zhyve-belarus", "text": "123", "comment_date": "2020-12-17T14:48:50.832Z", "likes_count": 0}}, {"model": "manager.comment", "pk": 19, "fields": {"book": "zhyve-belarus", "text": "иит", "comment_date": "2020-12-17T19:20:40.181Z", "likes_count": 0}}, {"model": "manager.comment", "pk": 20, "fields": {"book": "zhyve-belarus", "text": "иит", "comment_date": "2020-12-17T19:22:28.767Z", "likes_count": 0}}, {"model": "manager.comment", "pk": 21, "fields": {"book": "zhyve-belarus", "text": "иит", "comment_date": "2020-12-17T19:22:47.228Z", "likes_count": 0}}, {"model": "manager.comment", "pk": 22, "fields": {"book": "chto-novenkoe", "text": "ищем ошибку, уже нашел", "comment_date": "2020-12-18T19:58:42.054Z", "likes_count": 1}}, {"model": "manager.comment", "pk": 23, "fields": {"book": "chto-novenkoe", "text": "еще раз ищем ошибку", "comment_date": "2020-12-18T19:59:31.521Z", "likes_count": 1}}, {"model": "manager.comment", "pk": 24, "fields": {"book": "chto-novenkoe", "text": "тест", "comment_date": "2020-12-18T20:09:48.631Z", "likes_count": 0}}, {"model": "manager.comment", "pk": 25, "fields": {"book": "chto-novenkoe", "text": "тест", "comment_date": "2020-12-18T20:11:06.813Z", "likes_count": 0}}, {"model": "manager.comment", "pk": 26, "fields": {"book": "chto-novenkoe", "text": "тест", "comment_date": "2020-12-18T20:11:40.073Z", "likes_count": 0}}, {"model": "manager.comment", "pk": 27, "fields": {"book": "chto-novenkoe", "text": "тест", "comment_date": "2020-12-18T20:12:04.584Z", "likes_count": 0}}, {"model": "manager.comment", "pk": 28, "fields": {"book": "chto-novenkoe", "text": "тест", "comment_date": "2020-12-18T20:14:29.468Z", "likes_count": 0}}, {"model": "manager.comment", "pk": 29, "fields": {"book": "chto-novenkoe", "text": "тест", "comment_date": "2020-12-18T20:15:42.363Z", "likes_count": 0}}, {"model": "manager.comment", "pk": 30, "fields": {"book": "chto-novenkoe", "text": "тест", "comment_date": "2020-12-18T20:16:17.137Z", "likes_count": 0}}, {"model": "manager.comment", "pk": 31, "fields": {"book": "chto-novenkoe", "text": "тест", "comment_date": "2020-12-23T12:52:19.663Z", "likes_count": 1}}, {"model": "manager.comment", "pk": 32, "fields": {"book": "kogda-moia-strana-stanet-velikoi", "text": "Когда уйдет Лукавый", "comment_date": "2020-12-23T12:55:08.445Z", "likes_count": 1}}, {"model": "manager.comment", "pk": 33, "fields": {"book": "novost-iz-formy", "text": "Работаешь ?", "comment_date": "2020-12-23T14:09:57.619Z", "likes_count": 0}}, {"model": "manager.comment", "pk": 34, "fields": {"book": "chto-novenkoe", "text": "Коммент от iadmin", "comment_date": "2020-12-24T18:15:23.403Z", "likes_count": 1}}, {"model": "manager.comment", "pk": 35, "fields": {"book": "novost-admina", "text": "Первый коммент от админа", "comment_date": "2020-12-24T18:18:00.350Z", "likes_count": 0}}, {"model": "manager.commentlikes", "pk": 13, "fields": {"comment": 14, "user": 5}}, {"model": "manager.commentlikes", "pk": 17, "fields": {"comment": 13, "user": 5}}, {"model": "manager.commentlikes", "pk": 19, "fields": {"comment": 10, "user": 5}}, {"model": "manager.commentlikes", "pk": 20, "fields": {"comment": 11, "user": 5}}, {"model": "manager.commentlikes", "pk": 21, "fields": {"comment": 9, "user": 5}}, {"model": "manager.commentlikes", "pk": 23, "fields": {"comment": 15, "user": 5}}, {"model": "manager.commentlikes", "pk": 25, "fields": {"comment": 17, "user": 5}}, {"model": "manager.commentlikes", "pk": 26, "fields": {"comment": 18, "user": 5}}, {"model": "manager.commentlikes", "pk": 27, "fields": {"comment": 21, "user": 5}}, {"model": "manager.commentlikes", "pk": 28, "fields": {"comment": 16, "user": 5}}, {"model": "manager.commentlikes", "pk": 29, "fields": {"comment": 22, "user": 5}}, {"model": "manager.commentlikes", "pk": 30, "fields": {"comment": 23, "user": 5}}, {"model": "manager.commentlikes", "pk": 31, "fields": {"comment": 24, "user": 5}}, {"model": "manager.commentlikes", "pk": 32, "fields": {"comment": 25, "user": 5}}, {"model": "manager.commentlikes", "pk": 33, "fields": {"comment": 26, "user": 5}}, {"model": "manager.commentlikes", "pk": 35, "fields": {"comment": 29, "user": 5}}, {"model": "manager.commentlikes", "pk": 38, "fields": {"comment": 27, "user": 5}}, {"model": "manager.commentlikes", "pk": 40, "fields": {"comment": 31, "user": 5}}, {"model": "manager.commentlikes", "pk": 42, "fields": {"comment": 32, "user": 5}}, {"model": "manager.commentlikes", "pk": 45, "fields": {"comment": 34, "user": 4}}, {"model": "manager.commentlikes", "pk": 48, "fields": {"comment": 22, "user": 6}}, {"model": "manager.commentlikes", "pk": 50, "fields": {"comment": 23, "user": 6}}]